sampleid	Patient	Group	Sample	Age	Gender	Dyspnoea	GI	RF	HF	Diabetes	Asthma	Obesity	Cardiomyopathy	IR	Cirrhosis	sPO2	Lymphocytes	Neutrophils	Platelets	D-dimer	Ferritin	CRP	Antibiotic
#q2:types	categorical	categorical	categorical	numeric	categorical	categorical	categorical	categorical	categorical	categorical	categorical	categorical	categorical	categorical	categorical	categorical	numeric	numeric	numeric	numeric	numeric	numeric	categorical
SG010	COVID 149	Severe	Stool	57	Male	Yes	Yes	Normal	Normal	No	No	No	Yes	No	No	Low	0.49	6.66	201	1.36	406.5	120.4	Yes
SG011	COVID 151	Severe	Stool	71	Male	Yes	Yes	High	Normal	Yes	No	No	No	No	No	Low	1.17	6.06	272	0.96	598.3	57.5	No
SG012	COVID 48	Severe	Stool	65	Male	Yes	No	High	High	Yes	No	No	No	No	No	Low	0.79	4.97	152	35.2	633.5	192.3	No
SG013	COVID 53	Severe	Stool	58	Male	Yes	Yes	High	High	No	Yes	No	Yes	No	No	Low	0.64	4.17	172	3.81	1360.5	208.1	Yes
SG014	COVID 63	Severe	Stool	77	Female	Yes	Yes	High	High	No	No	No	No	No	No	Normal	0.64	4.17	172	1.62	2339.3	223.2	Yes
SG015	COVID 7	Severe	Stool	57	Male	Yes	No	High	Normal	No	No	No	No	No	No	Low	1.48	5.86	205	1.62	2339.3	223.2	Yes
SG016	COVID 77	Severe	Stool	63	Male	Yes	No	Normal	Normal	No	No	No	Yes	No	No	Low	0.72	9.38	256	1.12	1502.8	164.2	No
SG019	COVID 19	Severe	Stool	75	Female	Yes	No	High	High	Yes	No	Yes	Yes	No	No	Low	0.88	8.76	351	0.37	1212.4	177	No
SG041	COVID 41	Severe	Stool	64	Female	Yes	No	High	Normal	No	No	No	No	No	No	Low	0.29	13.74	392	0.71	289.7	68.2	Yes
SG042	COVID 42	Severe	Stool	68	Male	Yes	No	High	Normal	No	No	Yes	Yes	No	No	Low	0.43	7.86	255	33.4	2556.7	123	No
SG043	COVID 43	Severe	Stool	71	Female	No	Yes	High	Normal	No	No	No	No	No	No	Normal	1.01	9.85	228	4.7	4500	162	No
SG049	COVID 49	Severe	Stool	72	Male	Yes	No	High	High	No	No	No	No	No	No	Low	1.07	12.92	335	4.15	720.4	94.2	Yes
SG052	COVID 52	Severe	Stool	74	Male	Yes	Yes	High	Normal	No	No	Yes	No	No	No	Low	0.56	10.12	261	3.02	585.3	183.8	Yes
SG053	COVID 22	Severe	Stool	76	Male	No	No	High	High	Yes	No	Yes	No	No	No	Normal	0.25	0.74	83	0.41	80	122.1	No
SG058	COVID 58	Severe	Stool	60	Male	Yes	No	High	High	Yes	No	Yes	Yes	No	No	Low	1.38	6.88	313	2.53	597.3	158.9	Yes
SG059	COVID 59	Severe	Stool	59	Male	Yes	No	High	Normal	Yes	Yes	Yes	Yes	No	No	Low	0.37	16.26	287	1.57	848.1	269.2	Yes
SG074	COVID 74	Severe	Stool	41	Male	Yes	Yes	High	High	No	No	No	No	No	No	Low	0.37	16.26	287	1.57	848.1	269.2	No
SG079	COVID 79	Severe	Stool	70	Male	Yes	No	High	High	No	No	No	Yes	No	No	Low	0.27	8.15	272	1.68	305.6	258.2	Yes
SG083	COVID 83	Severe	Stool	73	Female	Yes	Yes	Normal	High	No	No	No	No	No	No	Low	0.35	10.76	191	0.19	238	205	Yes
SG084	COVID 84	Severe	Stool	40	Male	Yes	No	Normal	High	No	No	No	No	No	No	Low	0.23	4.88	166	0.87	2201.7	186.8	No
SG085	COVID 85	Severe	Stool	53	Female	No	No	Normal	High	No	No	No	No	No	No	Normal	0.82	1.66	228	0.86	475.3	146.8	Yes
SG094	COVID 94	Severe	Stool	38	Male	Yes	No	Normal	Normal	No	No	No	No	No	No	Normal	0.66	5.01	226	0.19	1393.3	6704	No
SG1	COVID 135	Severe	Stool	68	Female	No	No	Normal	Normal	Yes	No	No	Yes	No	No	Normal	16.12	7.92	405	1.34	502	19	Yes
SG2	COVID 136	Severe	Stool	67	Male	Yes	No	Normal	High	No	No	No	No	No	No	Low	0.4	20.87	390	4.54	971.2	257.3	Yes
SG3	COVID 138	Severe	Stool	67	Female	Yes	No	High	High	No	No	No	No	No	No	Low	0.62	22.8	447	6.53	829.8	16.2	Yes
SG4	COVID 139	Severe	Stool	63	Male	No	No	Normal	High	No	No	No	No	No	No	Low	0.88	15.1	402	6.2	4500	21.3	Yes
SG5	COVID 144	Severe	Stool	72	Male	Yes	No	High	High	Yes	No	Yes	Yes	No	No	Normal	0.67	9.32	434	3.47	419.3	56.9	Yes
SG6	COVID 145	Severe	Stool	68	Male	Yes	Yes	High	Normal	No	No	Yes	Yes	No	No	Low	0.78	7.95	350	6.76	892.3	48	No
SG7	COVID 146	Severe	Stool	44	Female	Yes	No	Normal	High	No	No	No	No	No	No	Normal	0.51	11.11	330	1.2	90.5	212.8	No
SG8	COVID 147	Severe	Stool	55	Male	Yes	No	Normal	Normal	No	No	Yes	Yes	No	No	Normal	1.69	1.87	335	0.8	724.63	10	No
SG9	COVID 148	Severe	Stool	45	Male	Yes	Yes	Normal	Normal	No	No	Yes	Yes	No	No	Low	0.97	6.63	169	6.59	973.7	62.3	Yes
SGE010	COVID 149	Severe	Nasal swab	57	Male	Yes	Yes	Normal	Normal	No	No	No	Yes	No	No	Low	0.49	6.66	201	1.36	406.5	120.4	Yes
SGE011	COVID 151	Severe	Nasal swab	71	Male	Yes	Yes	High	Normal	Yes	No	No	No	No	No	Low	1.17	6.06	272	0.96	598.3	57.5	No
SGE012	COVID 48	Severe	Nasal swab	65	Male	Yes	No	High	High	Yes	No	No	No	No	No	Low	0.79	4.97	152	35.2	633.5	192.3	No
SGE013	COVID 53	Severe	Nasal swab	58	Male	Yes	Yes	High	High	No	Yes	No	Yes	No	No	Low	0.64	4.17	172	3.81	1360.5	208.1	Yes
SGE014	COVID 63	Severe	Nasal swab	77	Female	Yes	Yes	High	High	No	No	No	No	No	No	Normal	0.64	4.17	172	1.62	2339.3	210	Yes
SGE015	COVID 7	Severe	Nasal swab	57	Male	Yes	No	High	Normal	No	No	No	No	No	No	Low	1.48	5.86	205	1.62	2339.3	223.2	Yes
SGE016	COVID 77	Severe	Nasal swab	63	Male	Yes	No	Normal	Normal	No	No	No	Yes	No	No	Low	0.72	9.38	256	1.12	1502.8	164.2	No
SGE019	COVID 19	Severe	Nasal swab	75	Female	Yes	No	High	High	Yes	No	Yes	Yes	No	No	Low	0.88	8.76	351	0.37	1212.4	177	No
SGE041	COVID 41	Severe	Nasal swab	64	Female	Yes	No	High	Normal	No	No	No	No	No	No	Low	0.29	13.74	392	0.71	289.7	68.2	Yes
SGE042	COVID 42	Severe	Nasal swab	68	Male	Yes	No	High	Normal	No	No	Yes	Yes	No	No	Low	0.43	7.86	255	33.4	2556.7	123	No
SGE043	COVID 43	Severe	Nasal swab	71	Female	No	Yes	High	Normal	No	No	No	No	No	No	Normal	1.01	9.85	228	4.7	4500	162	No
SGE049	COVID 49	Severe	Nasal swab	72	Male	Yes	No	High	High	No	No	No	No	No	No	Low	1.07	12.92	335	4.15	720.4	94.2	Yes
SGE052	COVID 52	Severe	Nasal swab	74	Male	Yes	Yes	High	Normal	No	No	Yes	No	No	No	Low	0.56	10.12	261	3.02	585.3	183.8	Yes
SGE053	COVID 22	Severe	Nasal swab	76	Male	No	No	High	High	Yes	No	Yes	No	No	No	Normal	0.25	0.74	83	0.41	80	122.1	No
SGE058	COVID 58	Severe	Nasal swab	60	Male	Yes	No	High	High	Yes	No	Yes	Yes	No	No	Low	1.38	6.88	313	2.53	597.3	158.9	Yes
SGE059	COVID 59	Severe	Nasal swab	59	Male	Yes	No	High	Normal	Yes	Yes	Yes	Yes	No	No	Low	0.37	16.26	287	1.57	848.1	269.2	Yes
SGE074	COVID 74	Severe	Nasal swab	41	Male	Yes	Yes	High	High	No	No	No	No	No	No	Low	0.37	16.26	287	1.57	848.1	269.2	No
SGE079	COVID 79	Severe	Nasal swab	70	Male	Yes	No	High	High	No	No	No	Yes	No	No	Low	0.27	8.15	272	1.68	305.6	258.2	Yes
SGE083	COVID 83	Severe	Nasal swab	73	Female	Yes	Yes	Normal	High	No	No	No	No	No	No	Low	0.35	10.76	191	0.19	238	205	Yes
SGE084	COVID 84	Severe	Nasal swab	40	Male	Yes	No	Normal	High	No	No	No	No	No	No	Low	0.23	4.88	166	0.87	2201.7	186.8	No
SGE085	COVID 85	Severe	Nasal swab	53	Female	No	No	Normal	High	No	No	No	No	No	No	Normal	0.82	1.66	228	0.86	475.3	146.8	Yes
SGE094	COVID 94	Severe	Nasal swab	38	Male	Yes	No	Normal	Normal	No	No	No	No	No	No	Normal	0.66	5.01	226	0.19	1393.3	6704	No
SGE1	COVID 135	Severe	Nasal swab	68	Female	No	No	Normal	Normal	Yes	No	No	Yes	No	No	Normal	16.12	7.92	405	1.34	502	19	Yes
SGE2	COVID 136	Severe	Nasal swab	67	Male	Yes	No	Normal	High	No	No	No	No	No	No	Low	0.4	20.87	390	4.54	971.2	257.3	Yes
SGE3	COVID 138	Severe	Nasal swab	67	Female	Yes	No	High	High	No	No	No	No	No	No	Low	0.62	22.8	447	6.53	829.8	16.2	Yes
SGE4	COVID 139	Severe	Nasal swab	63	Male	No	No	Normal	High	No	No	No	No	No	No	Low	0.88	15.1	402	6.2	4500	21.3	Yes
SGE5	COVID 144	Severe	Nasal swab	72	Male	Yes	No	High	High	Yes	No	Yes	Yes	No	No	Normal	0.67	9.32	434	3.47	419.3	56.9	Yes
SGE6	COVID 145	Severe	Nasal swab	68	Male	Yes	Yes	High	Normal	No	No	Yes	Yes	No	No	Low	0.78	7.95	350	6.76	892.3	48	No
SGE7	COVID 146	Severe	Nasal swab	44	Female	Yes	No	Normal	High	No	No	No	No	No	No	Normal	0.51	11.11	330	1.2	90.5	212.8	No
SGE8	COVID 147	Severe	Nasal swab	55	Male	Yes	No	Normal	Normal	No	No	Yes	Yes	No	No	Normal	1.69	1.87	335	0.8	724.63	10	No
SGE9	COVID 148	Severe	Nasal swab	45	Male	Yes	Yes	Normal	Normal	No	No	Yes	Yes	No	No	Low	0.97	6.63	169	6.59	973.7	62.3	Yes
SL010	COVID 10	Mild	Stool	36	Male	Yes	No	Normal	Normal	Yes	No	No	No	No	No	Low	1.19	7.32	336	0.71	131.7	3.5	No
SL011	COVID 70	Mild	Stool	42	Female	No	No	Normal	Normal	No	No	No	No	No	No	Normal	0.17	5.34	333	0.15	161.1	3.6	No
SL014	COVID 14	Mild	Stool	54	Female	No	Yes	Normal	Normal	No	No	No	No	No	No	Normal	0.57	6.09	332	0.4	184.7	4	No
SL020	COVID 20	Mild	Stool	29	Female	No	No	Normal	Normal	No	Yes	No	No	No	No	Normal	0.29	6.77	332	0.32	109.5	4.3	No
SL039	COVID 39	Mild	Stool	26	Female	Yes	No	Normal	Normal	No	Yes	No	No	No	No	Low	2.47	4.23	323	0.33	183.4	3	No
SL040	COVID 40	Mild	Stool	66	Female	No	Yes	Normal	Normal	No	No	No	No	No	No	Normal	2.05	4.84	314	0.39	128.8	3.8	No
SL046	COVID 46	Mild	Stool	22	Female	No	No	Normal	Normal	Yes	No	Yes	No	No	No	Normal	1.01	5.21	332	0.9	178.4	4	No
SL051	COVID 47	Mild	Stool	22	Male	No	Yes	High	Normal	No	No	Yes	No	No	No	Normal	1.67	6.54	332	0.15	208.2	4.3	No
SL052	COVID 55	Mild	Stool	45	Female	No	No	Normal	High	No	No	No	No	No	No	Normal	1.36	6.06	336	0.1	161.06	2.7	No
SL056	COVID 56	Mild	Stool	58	Female	Yes	No	Normal	Normal	No	Yes	No	No	No	No	Low	0.69	6.23	339	0.87	183.5	3.5	No
SL061	COVID 65	Mild	Stool	39	Female	No	No	Normal	Normal	No	No	No	Yes	No	No	Normal	1.42	5.77	330	1.15	160.1	2.1	No
SL069	COVID 69	Mild	Stool	47	Female	No	No	Normal	Normal	No	No	No	No	Yes	No	Normal	1.63	6.02	337	0.32	119.3	2.7	No
SL082	COVID 82	Mild	Stool	31	Male	No	No	Normal	Normal	Yes	No	No	No	No	No	Normal	0.61	5.36	331	0.19	196.7	3.3	No
SL1	COVID 13	Mild	Stool	55	Male	No	No	Normal	Normal	No	No	Yes	Yes	No	No	Normal	0.68	6.65	338	0.27	114.7	3.5	No
SL140	COVID 140	Mild	Stool	43	Female	Yes	No	Normal	Normal	No	No	No	No	No	No	Low	1.85	9.51	329	0.08	171.3	1.8	No
SL141	COVID 141	Mild	Stool	47	Male	Yes	No	Normal	Normal	No	No	Yes	No	Yes	No	Low	0.45	5.97	319	2.12	149.5	4	No
SL2	COVID 137	Mild	Stool	54	Male	No	No	Normal	Normal	Yes	No	No	No	No	No	Normal	1.21	5.78	317	2.25	154.4	3.3	No
SL3	COVID 142	Mild	Stool	45	Female	No	No	Normal	Normal	No	No	No	No	Yes	No	Normal	1.87	6.2	332	0.85	115.1	4	No
SL4	COVID 143	Mild	Stool	48	Male	No	Yes	Normal	Normal	No	No	No	No	No	No	Normal	1.93	6.93	318	1.1	177.2	2.4	No
SL5	COVID 15	Mild	Stool	55	Female	Yes	No	Normal	Normal	No	No	No	No	No	No	Low	0.31	5.05	317	1.3	186.3	3	No
SL6	COVID 17	Mild	Stool	49	Male	No	No	Normal	Normal	No	No	No	No	No	No	Normal	0.93	9.02	335	0.07	89.6	2.1	No
SL7	COVID 57	Mild	Stool	58	Female	No	No	Normal	Normal	No	No	Yes	No	No	Yes	Normal	1.83	5.56	340	0.89	136.5	5.5	No
SL8	COVID 6	Mild	Stool	26	Female	No	No	Normal	Normal	No	No	No	Yes	No	No	Normal	1.27	6.81	316	0.21	153.7	2.6	No
SL9	COVID 9	Mild	Stool	38	Female	No	Yes	Normal	Normal	No	No	No	No	No	Yes	Normal	0.57	5.78	342	0.86	119	1.3	No
SLE010	COVID 10	Mild	Nasal swab	36	Male	Yes	No	Normal	Normal	Yes	No	No	No	No	No	Low	1.19	7.32	336	0.71	131.7	3.5	No
SLE011	COVID 70	Mild	Nasal swab	42	Female	No	No	Normal	Normal	No	No	No	No	No	No	Normal	0.17	5.34	333	0.15	161.1	3.6	No
SLE014	COVID 14	Mild	Nasal swab	54	Female	No	Yes	Normal	Normal	No	No	No	No	No	No	Normal	0.57	6.09	332	0.4	184.7	4	No
SLE020	COVID 20	Mild	Nasal swab	29	Female	No	No	Normal	Normal	No	Yes	No	No	No	No	Normal	0.29	6.77	332	0.32	109.5	4.3	No
SLE039	COVID 39	Mild	Nasal swab	26	Female	Yes	No	Normal	Normal	No	Yes	No	No	No	No	Low	2.47	4.23	323	0.33	183.4	3	No
SLE040	COVID 40	Mild	Nasal swab	66	Female	No	Yes	Normal	Normal	No	No	No	No	No	No	Normal	2.05	4.84	314	0.39	128.8	3.8	No
SLE046	COVID 46	Mild	Nasal swab	22	Female	No	No	Normal	Normal	Yes	No	Yes	No	No	No	Normal	1.01	5.21	332	0.9	178.4	4	No
SLE051	COVID 47	Mild	Nasal swab	22	Male	No	Yes	High	Normal	No	No	Yes	No	No	No	Normal	1.67	6.54	332	0.15	208.2	4.3	No
SLE052	COVID 55	Mild	Nasal swab	45	Female	No	No	Normal	High	No	No	No	No	No	No	Normal	1.36	6.06	336	0.1	161.06	2.7	No
SLE056	COVID 56	Mild	Nasal swab	58	Female	Yes	No	Normal	Normal	No	Yes	No	No	No	No	Low	0.69	6.23	339	0.87	183.5	3.5	No
SLE061	COVID 65	Mild	Nasal swab	39	Female	No	No	Normal	Normal	No	No	No	Yes	No	No	Normal	1.42	5.77	330	1.15	160.1	2.1	No
SLE069	COVID 69	Mild	Nasal swab	47	Female	No	No	Normal	Normal	No	No	No	No	Yes	No	Normal	1.63	6.02	337	0.32	119.3	2.7	No
SLE082	COVID 82	Mild	Nasal swab	31	Male	No	No	Normal	Normal	Yes	No	No	No	No	No	Normal	0.61	5.36	331	0.19	196.7	3.3	No
SLE1	COVID 13	Mild	Nasal swab	55	Male	No	No	Normal	Normal	No	No	Yes	Yes	No	No	Normal	0.68	6.65	338	0.27	114.7	3.5	No
SLE140	COVID 140	Mild	Nasal swab	43	Female	Yes	No	Normal	Normal	No	No	No	No	No	No	Low	1.85	9.51	329	0.08	171.3	1.8	No
SLE141	COVID 141	Mild	Nasal swab	47	Male	Yes	No	Normal	Normal	No	No	Yes	No	Yes	No	Low	0.45	5.97	319	2.12	149.5	4	No
SLE2	COVID 137	Mild	Nasal swab	54	Male	No	No	Normal	Normal	Yes	No	No	No	No	No	Normal	1.21	5.78	317	2.25	154.4	3.3	No
SLE3	COVID 142	Mild	Nasal swab	45	Female	No	No	Normal	Normal	No	No	No	No	Yes	No	Normal	1.87	6.2	332	0.85	115.1	4	No
SLE4	COVID 143	Mild	Nasal swab	48	Male	No	Yes	Normal	Normal	No	No	No	No	No	No	Normal	1.93	6.93	318	1.1	177.2	2.4	No
SLE5	COVID 15	Mild	Nasal swab	55	Female	Yes	No	Normal	Normal	No	No	No	No	No	No	Low	0.31	5.05	317	1.3	186.3	3	No
SLE6	COVID 17	Mild	Nasal swab	49	Male	No	No	Normal	Normal	No	No	No	No	No	No	Normal	0.93	9.02	335	0.07	89.6	2.1	No
SLE7	COVID 57	Mild	Nasal swab	58	Female	No	No	Normal	Normal	No	No	Yes	No	No	No	Normal	1.83	5.56	340	0.89	136.5	5.5	No
SLE8	COVID 6	Mild	Nasal swab	26	Female	No	No	Normal	Normal	No	No	No	Yes	No	No	Normal	1.27	6.81	316	0.21	153.7	2.6	No
SLE9	COVID 9	Mild	Nasal swab	38	Female	No	Yes	Normal	Normal	No	No	No	No	No	No	Normal	0.57	5.78	342	0.86	119	1.3	No
SM010	COVID 110	Moderate	Stool	55	Female	Yes	Yes	Normal	Normal	No	No	Yes	No	No	No	Low	1.08	2.63	10.1	1.54	327.7	39.5	No
SM011	COVID 111	Moderate	Stool	58	Female	No	No	Normal	Normal	No	Yes	No	No	No	No	Normal	1.18	3.52	90	2.11	604.2	19.3	No
SM012	COVID 112	Moderate	Stool	27	Female	Yes	Yes	Normal	High	No	No	No	No	No	No	Normal	2.8	3.25	359	1.23	226.8	41.2	No
SM013	COVID 113	Moderate	Stool	47	Female	Yes	No	Normal	Normal	No	No	No	No	No	No	Low	1.56	3.35	364	0.38	504.3	2	No
SM014	COVID 114	Moderate	Stool	58	Female	Yes	Yes	Normal	Normal	No	No	No	No	No	No	Low	0.51	5.85	293	0.34	1343.4	69.4	No
SM015	COVID 115	Moderate	Stool	56	Female	Yes	No	Normal	Normal	Yes	No	No	No	No	No	Low	1.84	2.51	210	0.56	1337.8	12.7	No
SM016	COVID 116	Moderate	Stool	64	Male	Yes	No	High	High	No	No	Yes	No	No	No	Low	2.08	8.46	296	0.42	1304.6	18.2	Yes
SM017	COVID 117	Moderate	Stool	62	Male	Yes	No	Normal	Normal	No	No	No	No	No	No	Normal	1.47	7.99	221	0.85	809.6	10.2	Yes
SM018	COVID 118	Moderate	Stool	53	Female	Yes	No	Normal	Normal	No	No	No	No	No	No	Normal	1.42	4.64	223	0.58	468	89.4	Yes
SM019	COVID 119	Moderate	Stool	28	Male	Yes	Yes	Normal	Normal	No	No	No	No	No	No	Normal	0.89	6.4	288	1.06	2169.1	19.7	No
SM020	COVID 120	Moderate	Stool	34	Male	Yes	No	High	High	No	No	Yes	No	No	No	Low	1.47	4.71	135	1.05	982.6	72.3	No
SM021	COVID 121	Moderate	Stool	63	Male	No	No	High	Normal	No	No	No	No	No	No	Low	1.23	9.09	151	0.42	1177.6	10.4	No
SM022	COVID 73	Moderate	Stool	69	Female	No	No	Normal	Normal	No	No	Yes	Yes	No	No	Low	1.42	2.64	145	0.3	302.7	81.4	No
SM023	COVID 123	Moderate	Stool	78	Female	Yes	No	Normal	Normal	Yes	No	No	No	No	No	Low	0.57	15.22	408	0.76	1029	0.8	No
SM024	COVID 124	Moderate	Stool	35	Male	Yes	Yes	High	Normal	No	No	No	No	No	No	Normal	3.44	9.15	474	0.19	640.7	2.7	No
SM025	COVID 125	Moderate	Stool	55	Male	No	Yes	Normal	Normal	No	No	No	No	No	No	Normal	1.12	8.77	231	0.3	490	74.5	Yes
SM026	COVID 126	Moderate	Stool	62	Male	No	Yes	Normal	Normal	No	No	Yes	No	No	No	Normal	1.45	13.3	181	0.22	845.1	30.1	Yes
SM027	COVID 127	Moderate	Stool	61	Female	Yes	Yes	High	Normal	No	No	Yes	No	No	No	Normal	1.65	6.22	292	0.52	378.1	42.2	No
SM028	COVID 128 	Moderate	Stool	50	Male	Yes	No	Normal	Normal	Yes	No	Yes	No	No	No	Low	2.84	5.34	417	0.39	139.3	6.3	No
SM029	COVID 129	Moderate	Stool	50	Male	Yes	Yes	Normal	High	No	No	No	No	No	No	Normal	1.29	9.7	406	0.33	1228.8	8.1	No
SM031	COVID 131	Moderate	Stool	33	Female	Yes	No	Normal	Normal	No	No	No	No	No	No	Normal	1.28	3.97	189	1.01	12.9	7.9	No
SM033	COVID 133	Moderate	Stool	72	Female	Yes	No	Normal	High	No	Yes	No	No	No	No	Low	0.44	1.73	161	0.48	440.4	28.7	No
SM034	COVID 134	Moderate	Stool	47	Female	Yes	Yes	High	Normal	Yes	No	Yes	No	No	No	Normal	2.17	7.68	466	5.15	203.1	2.9	No
SM040	COVID 140	Moderate	Stool	43	Female	No	No	Normal	Normal	No	No	No	No	No	No	Normal	2.17	7.68	466	0.8	123.4	35.2	Yes
SM061	COVID 61	Moderate	Stool	76	Female	Yes	No	High	Normal	Yes	No	No	No	No	No	Low	1.3	2.57	104	0.8	123.4	35.2	Yes
SM062	COVID 62	Moderate	Stool	78	Female	Yes	Yes	Normal	Normal	No	No	No	No	No	No	Low	1.5	37.53	204	0.61	709.1	10.3	No
SM066	COVID 66	Moderate	Stool	34	Female	Yes	No	Normal	Normal	No	No	Yes	Yes	No	No	Normal	1.14	3.98	194	1.25	18.5	1.7	No
SM067	COVID 67	Moderate	Stool	42	Female	Yes	No	Normal	Normal	No	No	No	No	No	No	Low	1.26	6.45	228	0.33	102.9	7.9	No
SM068	COVID 68	Moderate	Stool	47	Female	Yes	No	Normal	Normal	No	No	No	No	No	No	Normal	1.2	4.06	203	0.75	43.5	28.3	Yes
SM072	COVID 72	Moderate	Stool	67	Male	Yes	No	High	Normal	No	No	No	No	No	No	Normal	1	4.05	159	0.46	1025	41.7	No
SM078	COVID 78	Moderate	Stool	50	Female	Yes	No	Normal	High	No	No	No	No	No	No	Normal	2.33	15.12	354	1.1	428.9	132	Yes
SM080	COVID 80	Moderate	Stool	69	Female	No	No	Normal	Normal	No	No	No	No	No	No	Low	1.42	2.64	145	0.3	302.7	81.4	Yes
SM089	COVID 89	Moderate	Stool	37	Female	No	No	High	High	No	No	Yes	No	No	No	Normal	0.84	5.18	122	0.84	2096.9	79.9	Yes
SM091	COVID 91	Moderate	Stool	57	Male	Yes	Yes	Normal	Normal	Yes	No	No	No	No	No	Low	2.34	9.34	203	0.14	386.3	0.3	No
SM092	COVID 92	Moderate	Stool	35	Female	Yes	Yes	High	Normal	No	No	No	No	No	No	Low	1.24	4.49	181	0.54	233.3	81.7	No
SM093	COVID 93	Moderate	Stool	58	Male	Yes	No	Normal	High	No	Yes	No	No	No	No	Normal	1.42	8.59	508	38.46	218.8	2.1	No
SM095	COVID 95	Moderate	Stool	34	Male	Yes	No	Normal	High	No	No	No	No	No	No	Normal	1.55	11.27	406	0.86	459.4	1	Yes
SM096	COVID 96	Moderate	Stool	45	Male	Yes	No	Normal	Normal	No	No	No	No	No	No	Normal	1.99	4.81	299	0.62	1940.4	7.8	Yes
SM097	COVID 97	Moderate	Stool	80	Female	No	Yes	Normal	Normal	Yes	No	No	No	No	No	Normal	0.65	8.11	68	5.99	247	6.4	Yes
SM1	COVID 86	Moderate	Stool	31	Female	Yes	No	Normal	High	No	No	No	No	No	No	Low	0.42	7.9	350	0.99	190.4	12.7	Yes
SM100	COVID 100	Moderate	Stool	67	Male	Yes	No	Normal	Normal	No	No	No	No	No	No	Low	1.42	8.49	127	0.31	2409.2	8.8	No
SM101	COVID 101	Moderate	Stool	41	Male	Yes	No	Normal	Normal	No	No	Yes	No	No	No	Low	1.79	8.43	316	0.61	390.7	21.2	Yes
SM102	COVID 102	Moderate	Stool	58	Male	No	No	Normal	High	No	No	No	No	No	Yes	Normal	1.82	6.65	359	0.53	661.9	9	Yes
SM104	COVID 104	Moderate	Stool	44	Female	No	Yes	Normal	High	No	No	Yes	No	No	No	Low	2.18	5.24	326	0.79	665	15	No
SM105	COVID 105	Moderate	Stool	58	Male	Yes	No	Normal	Normal	Yes	No	No	No	No	No	Normal	1.91	6.32	331	0.79	1202.5	140.8	Yes
SM106	COVID 106	Moderate	Stool	74	Male	No	No	Normal	Normal	No	No	No	No	No	No	Normal	0.86	13.55	144	1.91	423.7	2.5	No
SM107	COVID 107	Moderate	Stool	64	Male	Yes	Yes	Normal	High	No	No	No	No	No	No	Low	0.84	10.1	231	0.34	369	170.9	Yes
SM108	COVID 108	Moderate	Stool	51	Male	Yes	Yes	Normal	Normal	Yes	No	Yes	No	No	No	Normal	0.72	9.52	268	0.15	487.8	30.2	Yes
SM109	COVID 109	Moderate	Stool	62	Female	Yes	No	Normal	Normal	No	No	No	Yes	No	No	Normal	1.71	8.1	298	0.65	2558.7	8.5	Yes
SM132	COVID 132	Moderate	Stool	50	Male	Yes	No	Normal	Normal	No	No	Yes	No	No	No	Normal	1.78	5.12	280	1.02	1380.3	57.7	Yes
SM2	COVID 90	Moderate	Stool	64	Male	No	No	High	High	No	No	No	No	No	No	Normal	1.77	8.08	242	0.14	755.2	4.5	Yes
SME010	COVID 110	Moderate	Nasal swab	55	Female	Yes	Yes	Normal	Normal	No	No	Yes	No	No	No	Low	1.08	2.63	10.1	1.54	327.7	39.5	No
SME011	COVID 111	Moderate	Nasal swab	58	Female	No	No	Normal	Normal	No	Yes	No	No	No	No	Normal	1.18	3.52	90	2.11	604.2	19.3	No
SME012	COVID 112	Moderate	Nasal swab	27	Female	Yes	Yes	Normal	High	No	No	No	No	No	No	Normal	2.8	3.25	359	1.23	226.8	41.2	No
SME013	COVID 113	Moderate	Nasal swab	47	Female	Yes	No	Normal	Normal	No	No	No	No	No	No	Low	1.56	3.35	364	0.38	504.3	2	No
SME014	COVID 114	Moderate	Nasal swab	58	Female	Yes	Yes	Normal	Normal	No	No	No	No	No	No	Low	0.51	5.85	293	0.34	1343.4	69.4	No
SME015	COVID 115	Moderate	Nasal swab	56	Female	Yes	No	Normal	Normal	Yes	No	No	No	No	No	Low	1.84	2.51	210	0.56	1337.8	12.7	No
SME016	COVID 116	Moderate	Nasal swab	64	Male	Yes	No	High	High	No	No	Yes	No	No	No	Low	2.08	8.46	296	0.42	1304.6	18.2	Yes
SME017	COVID 117	Moderate	Nasal swab	62	Male	Yes	No	Normal	Normal	No	No	No	No	No	No	Normal	1.47	7.99	221	0.85	809.6	10.2	Yes
SME018	COVID 118	Moderate	Nasal swab	53	Female	Yes	No	Normal	Normal	No	No	No	No	No	No	Normal	1.42	4.64	223	0.58	468	89.4	Yes
SME019	COVID 119	Moderate	Nasal swab	28	Male	Yes	Yes	Normal	Normal	No	No	No	No	No	No	Normal	0.89	6.4	288	1.06	2169.1	19.7	No
SME020	COVID 120	Moderate	Nasal swab	34	Male	Yes	No	High	High	No	No	Yes	No	No	No	Low	1.47	4.71	135	1.05	982.6	72.3	No
SME021	COVID 121	Moderate	Nasal swab	63	Male	No	No	High	Normal	No	No	No	No	No	No	Low	1.23	9.09	151	0.42	1177.6	10.4	No
SME022	COVID 73	Moderate	Nasal swab	69	Female	No	No	Normal	Normal	No	No	Yes	Yes	No	No	Low	1.42	2.64	145	0.3	302.7	81.4	No
SME023	COVID 123	Moderate	Nasal swab	78	Female	Yes	No	Normal	Normal	Yes	No	No	No	No	No	Low	0.57	15.22	408	0.76	1029	0.8	No
SME024	COVID 124	Moderate	Nasal swab	35	Male	Yes	Yes	High	Normal	No	No	No	No	No	No	Normal	3.44	9.15	474	0.19	640.7	2.7	No
SME025	COVID 125	Moderate	Nasal swab	55	Male	No	Yes	Normal	Normal	No	No	No	No	No	No	Normal	1.12	8.77	231	0.3	490	74.5	Yes
SME026	COVID 126	Moderate	Nasal swab	62	Male	No	Yes	Normal	Normal	No	No	Yes	No	No	No	Normal	1.45	13.3	181	0.22	845.1	30.1	Yes
SME027	COVID 127	Moderate	Nasal swab	61	Female	Yes	Yes	High	Normal	No	No	Yes	No	No	No	Normal	1.65	6.22	292	0.52	378.1	42.2	No
SME028	COVID 128 	Moderate	Nasal swab	50	Male	Yes	No	Normal	Normal	Yes	No	Yes	No	No	No	Low	2.84	5.34	417	0.39	139.3	6.3	No
SME029	COVID 129	Moderate	Nasal swab	50	Male	Yes	Yes	Normal	High	No	No	No	No	No	No	Normal	1.29	9.7	406	0.33	1228.8	8.1	No
SME031	COVID 131	Moderate	Nasal swab	33	Female	Yes	No	Normal	Normal	No	No	No	No	No	No	Normal	1.28	3.97	189	1.01	12.9	7.9	No
SME033	COVID 133	Moderate	Nasal swab	72	Female	Yes	No	Normal	High	No	Yes	No	No	No	No	Low	0.44	1.73	161	0.48	440.4	28.7	No
SME034	COVID 134	Moderate	Nasal swab	47	Female	Yes	Yes	High	Normal	Yes	No	Yes	No	No	No	Normal	2.17	7.68	466	5.15	203.1	2.9	No
SME040	COVID 140	Moderate	Nasal swab	43	Female	No	No	Normal	Normal	No	No	No	No	No	No	Normal	2.17	7.68	466	0.8	123.4	35.2	Yes
SME061	COVID 61	Moderate	Nasal swab	76	Female	Yes	No	High	Normal	Yes	No	No	No	No	No	Low	1.3	2.57	104	0.8	123.4	35.2	Yes
SME062	COVID 62	Moderate	Nasal swab	78	Female	Yes	Yes	Normal	Normal	No	No	No	No	No	No	Low	1.5	37.53	204	0.61	709.1	10.3	No
SME066	COVID 66	Moderate	Nasal swab	34	Female	Yes	No	Normal	Normal	No	No	Yes	Yes	No	No	Normal	1.14	3.98	194	1.25	18.5	1.7	No
SME067	COVID 67	Moderate	Nasal swab	42	Female	Yes	No	Normal	Normal	No	No	No	No	No	No	Low	1.26	4.45	228	0.33	102.9	7.9	No
SME068	COVID 68	Moderate	Nasal swab	47	Female	Yes	No	Normal	Normal	No	No	No	No	No	No	Normal	1.2	4.06	203	0.75	43.5	28.3	Yes
SME072	COVID 72	Moderate	Nasal swab	67	Male	Yes	No	High	Normal	No	No	No	No	No	No	Normal	1	4.05	159	0.46	1025	41.7	No
SME078	COVID 78	Moderate	Nasal swab	50	Female	Yes	No	Normal	High	No	No	No	No	No	No	Normal	2.33	15.12	354	1.1	428.9	132	Yes
SME080	COVID 80	Moderate	Nasal swab	69	Female	No	No	Normal	Normal	No	No	No	No	No	No	Low	1.42	2.64	145	0.3	302.7	81.4	Yes
SME089	COVID 89	Moderate	Nasal swab	37	Female	No	No	High	High	No	No	Yes	No	No	No	Normal	0.84	5.18	122	0.84	2096.9	79.9	Yes
SME091	COVID 91	Moderate	Nasal swab	57	Male	Yes	Yes	Normal	Normal	Yes	No	No	No	No	No	Low	2.34	9.34	203	0.14	386.3	0.3	No
SME092	COVID 92	Moderate	Nasal swab	35	Female	Yes	Yes	High	Normal	No	No	No	No	No	No	Low	1.24	4.49	181	0.54	233.3	81.7	No
SME093	COVID 93	Moderate	Nasal swab	58	Male	Yes	No	Normal	High	No	Yes	No	No	No	No	Normal	1.42	8.59	508	38.46	218.8	2.1	No
SME095	COVID 95	Moderate	Nasal swab	34	Male	Yes	No	Normal	High	No	No	No	No	No	No	Normal	1.55	11.27	406	0.86	459.4	1	Yes
SME096	COVID 96	Moderate	Nasal swab	45	Male	Yes	No	Normal	Normal	No	No	No	No	No	No	Normal	1.99	4.81	299	0.62	1940.4	7.8	Yes
SME097	COVID 97	Moderate	Nasal swab	80	Female	No	Yes	Normal	Normal	Yes	No	No	No	No	No	Normal	0.65	8.11	68	5.99	247	6.4	Yes
SME1	COVID 86	Moderate	Nasal swab	31	Female	Yes	No	Normal	High	No	No	No	No	No	No	Low	0.42	7.9	350	0.99	190.4	12.7	Yes
SME100	COVID 100	Moderate	Nasal swab	67	Male	Yes	No	Normal	Normal	No	No	No	No	No	No	Low	1.42	8.49	127	0.31	2409.2	8.8	No
SME101	COVID 101	Moderate	Nasal swab	41	Male	Yes	No	Normal	Normal	No	No	Yes	No	No	No	Low	1.79	8.43	316	0.61	390.7	21.2	Yes
SME102	COVID 102	Moderate	Nasal swab	58	Male	No	No	Normal	High	No	No	No	No	No	Yes	Normal	1.82	6.65	359	0.53	661.9	9	Yes
SME104	COVID 104	Moderate	Nasal swab	44	Female	No	Yes	Normal	High	No	No	Yes	No	No	No	Low	2.18	5.24	326	0.79	665	15	No
SME105	COVID 105	Moderate	Nasal swab	58	Male	Yes	No	Normal	Normal	Yes	No	No	No	No	No	Normal	1.91	6.32	331	0.79	1202.5	140.8	Yes
SME106	COVID 106	Moderate	Nasal swab	74	Male	No	No	Normal	Normal	No	No	No	No	No	No	Normal	0.86	13.55	144	1.91	423.7	2.5	No
SME107	COVID 107	Moderate	Nasal swab	64	Male	Yes	Yes	Normal	High	No	No	No	No	No	No	Low	0.84	10.1	231	0.34	369	170.9	Yes
SME108	COVID 108	Moderate	Nasal swab	51	Male	Yes	Yes	Normal	Normal	Yes	No	Yes	No	No	No	Normal	0.72	9.52	268	0.15	487.8	30.2	Yes
SME109	COVID 109	Moderate	Nasal swab	62	Female	Yes	No	Normal	Normal	No	No	No	Yes	No	No	Normal	1.71	8.1	298	0.65	2558.7	8.5	Yes
SME132	COVID 132	Moderate	Nasal swab	50	Male	Yes	No	Normal	Normal	No	No	Yes	No	No	No	Normal	1.78	5.12	280	1.02	1380.3	57.7	Yes
SME2	COVID 90	Moderate	Nasal swab	64	Male	No	No	High	High	No	No	No	No	No	No	Normal	1.77	8.08	242	0.14	755.2	4.5	Yes
